# Ghera APKs: path in bitbucket.org/secure-it-i/android-app-vulnerability-benchmarks (raw/master), sha256
Crypto/BlockCipher-ECB-InformationExposure-Lean/Benign/BlockCipher-ECB-InformationExposure-Lean-benign.apk	6b5631ecb256b661289f367c9a595e89b71f2b76a856138e05f62c405434d10a
Crypto/BlockCipher-ECB-InformationExposure-Lean/Secure/BlockCipher-ECB-InformationExposure-Lean-secure.apk	34b15639475e304027b4e46d538b039b090217ba1386a0300e49593abeeecd51
Crypto/BlockCipher-NonRandomIV-InformationExposure-Lean/Benign/BlockCipher-NonRandomIV-InformationExposure-Lean-benign.apk	b60d056c35309dd0b81fbbcb4940b2adce23c3d2add6c87fc910170b80bb8e9b
Crypto/BlockCipher-NonRandomIV-InformationExposure-Lean/Secure/BlockCipher-NonRandomIV-InformationExposure-Lean-secure.apk	d46b5c6e9f44d5b5fb02c51bfab542de110eef19fcdb076a77e951f57dc42e48
Crypto/ConstantKey-ForgeryAttack-Lean/Benign/ConstantKey-ForgeryAttack-Lean-benign.apk	6ca0d0150448b93350f3ed9a07fecbba968a74eeb792f877c09c846dd0efe30d
Crypto/ConstantKey-ForgeryAttack-Lean/Secure/ConstantKey-ForgeryAttack-Lean-secure.apk	d1dbfab11249072c3c787015b8015e17b62400be7504204dea9cb94796fd165b
Crypto/ExposedCredentials-InformationExposure-Lean/Benign/ExposedCredentials-InformationExposure-Lean-benign.apk	2a64c764fecab95f57d1567f2d86760c41eaa58672be3af4e8db5b5549e73865
Crypto/ExposedCredentials-InformationExposure-Lean/Secure/ExposedCredentials-InformationExposure-Lean-secure.apk	6a69df47c0e8d3dafe7d6d33d9f9ee19e0871341741b18c97303f68757987561
Crypto/PBE-ConstantSalt-InformationExposure-Lean/Benign/PBE-ConstantSalt-InformationExposure-Lean-benign.apk	2fb6f85585ffc05e9bbc290b883a99239ea70b510a3c8077843c7b6d57776279
Crypto/PBE-ConstantSalt-InformationExposure-Lean/Secure/PBE-ConstantSalt-InformationExposure-Lean-secure.apk	b784bf86ce5e2a7f9ce42ef6bd3a1aadfdf5b8917479e2f4a472ce45a7d29cb3
ICC/DynamicRegBroadcastReceiver-UnrestrictedAccess-Lean/Benign/DynamicRegBroadcastReceiver-UnrestrictedAccess-Lean-benign.apk	b671875954ccde5d57f2376d3c7360d4f565007403399993172148abce2bb03a
ICC/DynamicRegBroadcastReceiver-UnrestrictedAccess-Lean/Secure/DynamicRegBroadcastReceiver-UnrestrictedAccess-Lean-secure.apk	43e8ee2b02d9ef1d788060e8ca98a60728b4b4449dc4108b8ed70f25ddb3da46
ICC/EmptyPendingIntent-PrivEscalation-Lean/Benign/EmptyPendingIntent-PrivEscalation-Lean-benign.apk	24f4d77b852e2c3c932ffe94ec1c04f1065a091bd7a1f0d1b48479721f1b64a3
ICC/EmptyPendingIntent-PrivEscalation-Lean/Secure/EmptyPendingIntent-PrivEscalation-Lean-secure.apk	44f639de689ce09ebce79b4cd800f46cbb39ce37137d7976872d88b502f2d56a
ICC/FragmentInjection-PrivEscalation-Lean/Benign/FragmentInjection-PrivEscalation-Lean-benign.apk	feeb8a32002b97e4e336a414706516f7c06cd12e606447cad492abd3f6f3deb4
ICC/FragmentInjection-PrivEscalation-Lean/Secure/FragmentInjection-PrivEscalation-Lean-secure.apk	6dc9a12ce5e3285d9036ddc798151241945f94f8da91c1b4a6f981fdc920b5db
ICC/HighPriority-ActivityHijack-Lean/Benign/HighPriority-ActivityHijack-Lean-benign.apk	8888ef738ec8207ca3f82ab80f4e2ade3736df1fa6aa349c2480c139a38bb6f5
ICC/HighPriority-ActivityHijack-Lean/Secure/HighPriority-ActivityHijack-Lean-secure.apk	631cbb123fcdf3aab065eb15ba2370e195aef945ae54181761b9b3a0b5706fc8
ICC/ImplicitPendingIntent-IntentHijack-Lean/Benign/ImplicitPendingIntent-IntentHijack-Lean-benign.apk	0362f276fdf4e6aa2cb79a3e15c14ef872ec152695e5a9a04681192bb57eb155
ICC/ImplicitPendingIntent-IntentHijack-Lean/Secure/ImplicitPendingIntent-IntentHijack-Lean-secure.apk	2cb5c0786ce50c373b2cccbceafcc357e3223bba69fbe8af2e4b258a36770556
ICC/InadequatePathPermission-InformationExposure-Lean/Benign/InadequatePathPermission-InformationExposure-Lean-benign.apk	b32386bfb429075bc192e3cbdf9e950c5cd1c4a2b5cd665c51ced0843718d9a3
ICC/InadequatePathPermission-InformationExposure-Lean/Secure/InadequatePathPermission-InformationExposure-Lean-secure.apk	900d9bb288d827316350a7121abcffe939c96b44018c59cfc51511672a4611f5
ICC/IncorrectHandlingImplicitIntent-UnauthorizedAccess-Lean/Benign/IncorrectHandlingImplicitIntent-UnauthorizedAccess-Lean-benign.apk	071e45c199996e060bcc25da314d24c6545a81b0f62cf615730c835e974b928b
ICC/IncorrectHandlingImplicitIntent-UnauthorizedAccess-Lean/Secure/IncorrectHandlingImplicitIntent-UnauthorizedAccess-Lean-secure.apk	1f496667c1686e99b0d292105f0e4742465fdd198cf42130c482f565a5ad653e
ICC/NoValidityCheckOnBroadcastMsg-UnintendedInvocation-Lean/Benign/NoValidityCheckOnBroadcastMsg-UnintendedInvocation-Lean-benign.apk	aff8f169fbefe425f5f2759c2541504c301761e320992bf9dbeb21b79f012f34
ICC/NoValidityCheckOnBroadcastMsg-UnintendedInvocation-Lean/Secure/NoValidityCheckOnBroadcastMsg-UnintendedInvocation-Lean-secure.apk	6c937db5d4940775d809374f1ddc08b308d773a73a1d37f13032e8f07c586244
ICC/OrderedBroadcast-DataInjection-Lean/Benign/OrderedBroadcast-DataInjection-Lean-benign.apk	5db5941c84842059aa01d8ac90c18ab77f68e9879eace8a0d104a632cf039f59
ICC/OrderedBroadcast-DataInjection-Lean/Secure/OrderedBroadcast-DataInjection-Lean-secure.apk	3c98130480b9efd9d39c490c7af6ad6d82ca7bcd5edbfc62b7ec1c7bd985e211
ICC/StickyBroadcast-DataInjection-Lean/Benign/StickyBroadcast-DataInjection-Lean-benign.apk	b9f264b4bd8d5522a357ed81449dc52e239778e712d53f4b3c0fa58159f6fdcd
ICC/StickyBroadcast-DataInjection-Lean/Secure/StickyBroadcast-DataInjection-Lean-secure.apk	d1f72a68a2f35c1a9415e1a6b1dc08c75243f2da1772474144f9c87058345c79
ICC/TaskAffinity-ActivityHijack-Lean/Benign/TaskAffinity-ActivityHijack-Lean-benign.apk	943ffdb8f8930e3d696e00008694c758a7030f05f29bcebfc0505e3084b07598
ICC/TaskAffinity-ActivityHijack-Lean/Secure/TaskAffinity-ActivityHijack-Lean-secure.apk	c3cbe6442fd0deefcac214b40d5ab931748acc293ae4462708fcf70b9a87d7b9
ICC/TaskAffinity-LauncherActivity-PhishingAttack-Lean/Benign/TaskAffinity-LauncherActivity-PhishingAttack-Lean-benign.apk	319d61233b2a458605df2c9bc0df955fb489019d26e794a5d665b767011bc7d2
ICC/TaskAffinity-LauncherActivity-PhishingAttack-Lean/Secure/TaskAffinity-LauncherActivity-PhishingAttack-Lean-secure.apk	656a2945d60e1cb4d5b212da74dfd1c8467442f36cf9bbb591ce8616ae09acf3
ICC/TaskAffinity-PhishingAttack-Lean/Benign/TaskAffinity-PhishingAttack-Lean-benign.apk	1c9c962e1cdbb329429f49a91306b364bc6ba04676f34cbf75d91d2350c482a9
ICC/TaskAffinity-PhishingAttack-Lean/Secure/TaskAffinity-PhishingAttack-Lean-secure.apk	a6693bb3bec37d1359aae4b3fe9b9f989946577f8ebc01efc3be945b9da90196
ICC/TaskAffinityAndReparenting-PhishingAndDoSAttack-Lean/Benign/TaskAffinityAndReparenting-PhishingAndDoSAttack-Lean-benign.apk	a7062a2c1c31941ae7a184ba8be6d6d13a971428a8812b162228a98986bc6f15
ICC/TaskAffinityAndReparenting-PhishingAndDoSAttack-Lean/Secure/TaskAffinityAndReparenting-PhishingAndDoSAttack-Lean-secure.apk	f166edc18cbd7fa754badb164182705bcab7f63d0a6ef7d7dbd32ec8e3b7b9c7
ICC/UnhandledException-DOS-Lean/Benign/UnhandledException-DOS-Lean-benign.apk	b99511661fd22b2e1dc1bc36d4fabc812e26626a9d077f66dbb426fd8e7b68cf
ICC/UnhandledException-DOS-Lean/Secure/UnhandledException-DOS-Lean-secure.apk	d0cc31055e92d757b7c3638efcca578532cc71e0d3c1e1c32439d505cfb2b72f
ICC/UnprotectedBroadcastRecv-PrivEscalation-Lean/Benign/UnprotectedBroadcastRecv-PrivEscalation-Lean-benign.apk	d9b0d0cafd430c8c6dab05a256fd27be7043f01c7c8c16289822883dadccb79e
ICC/UnprotectedBroadcastRecv-PrivEscalation-Lean/Secure/UnprotectedBroadcastRecv-PrivEscalation-Lean-secure.apk	85c550851c3b0d67ab610c47a60b60ce4cd41f754336692d8461e7f917d41ea7
ICC/WeakChecksOnDynamicInvocation-DataInjection-Lean/Benign/WeakChecksOnDynamicInvocation-DataInjection-Lean-benign.apk	018349e8217f0e1d7dba55e5769c3340922780da0df827c967063c5173b6aec8
ICC/WeakChecksOnDynamicInvocation-DataInjection-Lean/Secure/WeakChecksOnDynamicInvocation-DataInjection-Lean-secure.apk	8312a8a08e41e54cc0c8686672fcc80fb2970afdec47f24620e5fea0ba0a0408
Networking/CheckValidity-InformationExposure-Lean/Benign/CheckValidity-InformationExposure-Lean-benign.apk	5a4779bc254c19dffb5370bfce4f12d44daf35ba7fa52ff8c0676c254e06bba7
Networking/CheckValidity-InformationExposure-Lean/Secure/CheckValidity-InformationExposure-Lean-secure.apk	b84ffdd09c351f4e7de110c4955a0c989332d04a4874332f5b75d2ca51b61a2f
Networking/IncorrectHostNameVerification-MITM-Lean/Benign/IncorrectHostNameVerification-MITM-Lean-benign.apk	d107ada1507e85c10bde5beb5dd687dfe6edcdd2c48a38fa23b11a0b98cfdebe
Networking/IncorrectHostNameVerification-MITM-Lean/Secure/IncorrectHostNameVerification-MITM-Lean-secure.apk	b34eb8b7e576cff51bfd9de9abff84d91e3359f518573c2e6f2e2aeffe6e3e98
Networking/InsecureSSLSocket-MITM-Lean/Benign/InsecureSSLSocket-MITM-Lean-benign.apk	966c0e69eee013f2904610f5290a5e57d5a4d7ab7fd873d0dafde190b53a1907
Networking/InsecureSSLSocket-MITM-Lean/Secure/InsecureSSLSocket-MITM-Lean-secure.apk	d7720288e975254b36d91bdb659a51dca30f771255ab7b71ff68c99c8f0e233e
Networking/InsecureSSLSocketFactory-MITM-Lean/Benign/InsecureSSLSocketFactory-MITM-Lean-benign.apk	1552e9ad4334e81eb36cbbea0d7b912d8b8cf7b9689be37e193d7d020c62f8e0
Networking/InsecureSSLSocketFactory-MITM-Lean/Secure/InsecureSSLSocketFactory-MITM-Lean-secure.apk	2a6e467a82476a79e6164e646a0c85e68543d2748190ad57173c3b1b92d139bf
Networking/InvalidCertificateAuthority-MITM-Lean/Benign/InvalidCertificateAuthority-MITM-Lean-benign.apk	01855d12c0c7267d152751e0b77adc7be8fa3d210d048cbab16ff65643ecabeb
Networking/InvalidCertificateAuthority-MITM-Lean/Secure/InvalidCertificateAuthority-MITM-Lean-secure.apk	913e9a5217c5296542c7714c5726e98459b6323ea67e4e314d8b0616b70bb19b
Networking/OpenSocket-InformationLeak-Lean/Benign/OpenSocket-InformationLeak-Lean-benign.apk	47908220d7cdf2e3eeed59f387c354acc508f25f4517676e0352930bb99ee0c9
Networking/OpenSocket-InformationLeak-Lean/Secure/OpenSocket-InformationLeak-Lean-secure.apk	0aa94d6e4650df78ebed474f09e3a88bb83112edc42ddb4e8b27328a1e471265
Networking/UnEncryptedSocketComm-MITM-Lean/Benign/UnEncryptedSocketComm-MITM-Lean-benign.apk	1580dbe5c243a9709967748a3fc85acc6303de5dfc48d829baa548839e318785
Networking/UnEncryptedSocketComm-MITM-Lean/Secure/UnEncryptedSocketComm-MITM-Lean-secure.apk	1baa4cd820f06d86b67a214759eba386ae591dfbed4671d6e4abea09b59c44d7
Networking/UnpinnedCertificates-MITM-Lean/Benign/UnpinnedCertificates-MITM-Lean-benign.apk	70ec0f1e77282d2494b3573687987f96b4a61e24f26f915d7863d1e77ce2279a
Networking/UnpinnedCertificates-MITM-Lean/Secure/UnpinnedCertificates-MITM-Lean-secure.apk	b5a5a6017d677ac55be1116904cfa10cdb882b75f11ed493a7f73098b73b0a7a
NonAPI/MergeManifest-UnintendedBehavior-Lean/Benign/MergeManifest-UnintendedBehavior-Lean-benign.apk	5f59f1e563341c89febc81a1e0548940a32acc13f71550742e4a9026a87b9a08
NonAPI/OutdatedLibrary-DirectoryTraversal-Lean/Benign/OutdatedLibrary-DirectoryTraversal-Lean-benign.apk	984642ff53ac116b3555b7bd0345590d6b288d1362ae49ac29d6ebc20a0833b1
NonAPI/OutdatedLibrary-DirectoryTraversal-Lean/Secure/OutdatedLibrary-DirectoryTraversal-Lean-secure.apk	2b01d91a8a3830a12f45ed040b94a48f37b8caa28b7633652b4f73bb0bbd1cfa
Permission/UnnecesaryPerms-PrivEscalation-Lean/Benign/UnnecesaryPerms-PrivEscalation-Lean-benign.apk	e43305bf738bafb9b812d17f9baaa4088ad35025d82fb9c9ad4d903cf22a4c3b
Permission/UnnecesaryPerms-PrivEscalation-Lean/Secure/UnnecesaryPerms-PrivEscalation-Lean-secure.apk	4c67f1211784834bf4cc4d475e3f16057007dde303395e61c4bc397d219a5ee1
Permission/WeakPermission-UnauthorizedAccess-Lean/Benign/WeakPermission-UnauthorizedAccess-Lean-benign.apk	e6fc8459de91ec409e557c6d7d6223054072c5c3446f198a3228b4c78bb4876a
Permission/WeakPermission-UnauthorizedAccess-Lean/Secure/WeakPermission-UnauthorizedAccess-Lean-secure.apk	5a17d957bfd62f7adda3fe5e8c6953427c35398dea1a9f5c98ac8d01a429fc33
Storage/ExternalStorage-DataInjection-Lean/Benign/ExternalStorage-DataInjection-Lean-benign.apk	87eb7480f52ca571b4f00d213f2b91aec775ec863fa3d756001b11fcba4ac8d6
Storage/ExternalStorage-DataInjection-Lean/Secure/ExternalStorage-DataInjection-Lean-secure.apk	c9dc3346d0c7371f4c0e62002c15fe49b45aa82b59271d4f39c17dbe648e1897
Storage/ExternalStorage-InformationLeak-Lean/Benign/ExternalStorage-InformationLeak-Lean-benign.apk	a5ce4b18477867d0063fb6ef05ca3c0422842c202ba250f74d0229fa91a48a1e
Storage/ExternalStorage-InformationLeak-Lean/Secure/ExternalStorage-InformationLeak-Lean-secure.apk	441742744e8ca0d496b36ee1a6b081f4aa57134afd4c3424abad93fdf52e5983
Storage/InternalStorage-DirectoryTraversal-Lean/Benign/InternalStorage-DirectoryTraversal-Lean-benign.apk	af13493a58052cf3048504fe96dc3f2d549f8dbdc609783436d3316d2bd6aa90
Storage/InternalStorage-DirectoryTraversal-Lean/Secure/InternalStorage-DirectoryTraversal-Lean-secure.apk	0c4d9d249ed2877edb29bd0805cae7831c1e09a86f9edec4e78b74c56012e766
Storage/InternalToExternalStorage-InformationLeak-Lean/Benign/InternalToExternalStorage-InformationLeak-Lean-benign.apk	c017ac444b329742b8952a7599b5229cdd591db66e9e7a8bbdc92ab8c957c14f
Storage/InternalToExternalStorage-InformationLeak-Lean/Secure/InternalToExternalStorage-InformationLeak-Lean-secure.apk	908461194dda4439b7ba0f4ce97f6ca457055979d19aace192e4bcfb068c84c1
Storage/SQLite-execSQL-Lean/Benign/SQLite-execSQL-Lean-benign.apk	a5013b64bd7548298b66588833d934b87909753b9f043149bb56e317b1af7d8d
Storage/SQLite-execSQL-Lean/Secure/SQLite-execSQL-Lean-secure.apk	87bc1dfe8b54645115e2a2b371232c6db3dee46c6cf3fc75b96158cb4126d9e2
Storage/SQLlite-RawQuery-SQLInjection-Lean/Benign/SQLlite-RawQuery-SQLInjection-Lean-benign.apk	54d0f97148166b1979b8d5be8c0cb674fe2a79828cac58326a00eae45c048038
Storage/SQLlite-RawQuery-SQLInjection-Lean/Secure/SQLlite-RawQuery-SQLInjection-Lean-secure.apk	c25e36d0dd3c2502f4813e5c54eb8c68b94a58983a314b001a0ed43d7a9a46bb
Storage/SQLlite-SQLInjection-Lean/Benign/SQLlite-SQLInjection-Lean-benign.apk	96bc5a5776c4753e8107f2b4dd3f6c65052f7d3b24c7841bcd3f55bf1f00b82c
Storage/SQLlite-SQLInjection-Lean/Secure/SQLlite-SQLInjection-Lean-secure.apk	7d725aef053443c28dea2e43777e8e0d2b2442a07522b3c4415e70f30ba70bed
System/CheckCallingOrSelfPermission-PrivilegeEscalation-Lean/Benign/CheckCallingOrSelfPermission-PrivilegeEscalation-Lean-benign.apk	a647af47944dc125ee1fdb88d7354e6b1cf4de4ac4f73b0e67bef39a4df1195e
System/CheckCallingOrSelfPermission-PrivilegeEscalation-Lean/Secure/CheckCallingOrSelfPermission-PrivilegeEscalation-Lean-secure.apk	f1585871103fbddfc4aafb38e32fb3aa5bee34a94eef1914dfe1af5a01b78eb2
System/CheckPermission-PrivilegeEscalation-Lean/Benign/CheckPermission-PrivilegeEscalation-Lean-benign.apk	1dd03194eb0302836fcc9425e562e9b03adad2d7398f8431367425a22b11aaa9
System/CheckPermission-PrivilegeEscalation-Lean/Secure/CheckPermission-PrivilegeEscalation-Lean-secure.apk	ff48029e6682cc185c643ee0823a6a54ac67202f2499c9c57e0d0da6509cf6ee
System/ClipboardUse-InformationExposure-Lean/Benign/ClipboardUse-InformationExposure-Lean-benign.apk	821eb8c3210c22ab33e07c1721ae19ffe051193944c5244c026f0741253a7ed0
System/ClipboardUse-InformationExposure-Lean/Secure/ClipboardUse-InformationExposure-Lean-secure.apk	f72ca61f4d8222f3357bd22c4bdfb150133355407dda98ed9a497b5ab054e697
System/DynamicCodeLoading-CodeInjection-Lean/Benign/DynamicCodeLoading-CodeInjection-Lean-benign.apk	18d8e4dcb8dfc13cdabea66d655d1c5bbd9bf1417ebfe6493e7495ccfc0698e0
System/DynamicCodeLoading-CodeInjection-Lean/Secure/DynamicCodeLoading-CodeInjection-Lean-secure.apk	d530e65d842d0e6a0125c516c496f63815b816919d3919419c121949f325995b
System/EnforceCallingOrSelfPermission-PrivilegeEscalation-Lean/Benign/EnforceCallingOrSelfPermission-PrivilegeEscalation-Lean-benign.apk	00f2a9613276f66f530aab43e51098f5310b9e9515e2090946b2c0d52ca58070
System/EnforceCallingOrSelfPermission-PrivilegeEscalation-Lean/Secure/EnforceCallingOrSelfPermission-PrivilegeEscalation-Lean-secure.apk	2633afca37480a38bc58cabef25b5b1f7897c718d1f61aa3a7107223b9d83af6
System/EnforcePermission-PrivilegeEscalation-Lean/Benign/EnforcePermission-PrivilegeEscalation-Lean-benign.apk	a9864612c5e9ac6191c5b9a24bc6d5c70eef89eb57010e48e34cfb7ae74e6517
System/EnforcePermission-PrivilegeEscalation-Lean/Secure/EnforcePermission-PrivilegeEscalation-Lean-secure.apk	0847cae43091acb5dd69ea08cdec18c51b330c2a7ccec698e469e128e7f08a30
System/UniqueIDs-IdentityLeak-Lean/Benign/UniqueIDs-IdentityLeak-Lean-benign.apk	fc3804f9789097626af80777f2c01d04ccc71e98776c7ee039669597b808f110
System/UniqueIDs-IdentityLeak-Lean/Secure/UniqueIDs-IdentityLeak-Lean-secure.apk	e3889f79e0220503980addd2d7d37bb162bea4ca2b7ec014bc12c9d76048828e
TemplateCategory/TemplateBenchmark/Benign/TemplateBenchmark-Lean-benign.apk	0ca9e9c5e9cb089cc8b1933087ce2be16df391720958f569ddd8a982c229d1a3
Web/HttpConnection-MITM-Lean/Benign/HttpConnection-MITM-Lean-benign.apk	aa9e084de61f156d4ca1fb2725674705dfb14ee8ab19495a17c51244636d9774
Web/HttpConnection-MITM-Lean/Secure/HttpConnection-MITM-Lean-secure.apk	e42668cf21a56a2e9d830e57d9dffad13bc30cf1fecfef42e73a114ed2e71fb8
Web/JavaScriptExecution-CodeInjection-Lean/Benign/JavaScriptExecution-CodeInjection-Lean-benign.apk	e1dc2b355da327d314c48de2227659392c610bde9b758e775e873e0a5ab45109
Web/JavaScriptExecution-CodeInjection-Lean/Secure/JavaScriptExecution-CodeInjection-Lean-secure.apk	53dd044a364b47414a3134b6d687991a78b6d46798bf583927d763f222d18116
Web/UnsafeIntentURLImpl-InformationExposure-Lean/Benign/UnsafeIntentURLImpl-InformationExposure-Lean-benign.apk	832b3bc958395cbe1a4987c3c419fec9725f5674ccad7567d7977c59314af0de
Web/UnsafeIntentURLImpl-InformationExposure-Lean/Secure/UnsafeIntentURLImpl-InformationExposure-Lean-secure.apk	b574a9c24ec43cc6d405b5bbb41e81ab29cba8fabefd83d75f11b4275ef4cbd3
Web/WebView-CookieOverwrite-Lean/Benign/WebView-CookieOverwrite-Lean-benign.apk	d2846c6dc04157de425db812f90f086706f9e734d9faeb2c41f4da0bd4fd7bb2
Web/WebView-CookieOverwrite-Lean/Secure/WebView-CookieOverwrite-Lean-secure.apk	411a184e6f37955edf2ec3a7ce741abe231e6dc423dae37a59e7650c139d870f
Web/WebView-NoUserPermission-InformationExposure-Lean/Benign/WebView-NoUserPermission-InformationExposure-Lean-benign.apk	34f4d31c33f2c9979d12515fd9906afa6e4c1cf143ddbec6f4e921b0bb5adddf
Web/WebView-NoUserPermission-InformationExposure-Lean/Secure/WebView-NoUserPermission-InformationExposure-Lean-secure.apk	1ff0c80c432331a1ce26418d85dc28b1fa82f579f14469b896aed3f2f8f78213
Web/WebViewAllowContentAccess-UnauthorizedFileAccess-Lean/Benign/WebViewAllowContentAccess-UnauthorizedFileAccess-Lean-benign.apk	fdb64b9ba3ab5c8d8754d0cbbaaa86d5fdef50a1b6825bb65007a23e3fb92d60
Web/WebViewAllowContentAccess-UnauthorizedFileAccess-Lean/Secure/WebViewAllowContentAccess-UnauthorizedFileAccess-Lean-secure.apk	88c01db2bb73b5a1c43bc83aecf0275b6a4a449ac3c85a48013275434e3a6737
Web/WebViewAllowFileAccess-UnauthorizedFileAccess-Lean/Benign/WebViewAllowFileAccess-UnauthorizedFileAccess-Lean-benign.apk	c7d545f102ffe737e09f9003f72d0402e4b075e6182ab8df36ea4a8a3de1e26c
Web/WebViewAllowFileAccess-UnauthorizedFileAccess-Lean/Secure/WebViewAllowFileAccess-UnauthorizedFileAccess-Lean-secure.apk	e997d66b222bce0b2004264cdbc708f998417a47994c67429303adc741290912
Web/WebViewIgnoreSSLWarning-MITM-Lean/Benign/WebViewIgnoreSSLWarning-MITM-Lean-benign.apk	b25f3fa0a270bd87bbbae492e04efa4c365a4db0f065ad792dc7c6f4f614af6c
Web/WebViewIgnoreSSLWarning-MITM-Lean/Secure/WebViewIgnoreSSLWarning-MITM-Lean-secure.apk	ec96a9f03a458a88025d819841cb5342ce14b41d48e9f38260d5caa28815717a
Web/WebViewInterceptRequest-MITM-Lean/Benign/WebViewInterceptRequest-MITM-Lean-benign.apk	45af278992cb728dabfbba7203a9beef366925ccce37dd91fa473e525edd9e76
Web/WebViewInterceptRequest-MITM-Lean/Secure/WebViewInterceptRequest-MITM-Lean-secure.apk	b9daf0a3e66d88fc561f09f72bab2e9a3f5e44ed7600259792c1c69bcc79642b
Web/WebViewLoadDataWithBaseUrl-UnauthorizedFileAccess-Lean/Benign/WebViewLoadDataWithBaseUrl-UnauthorizedFileAccess-Lean-benign.apk	5347461bbb2b2abe1f7ba3931e24a10fe8397351998ea3040b5750d49ae567da
Web/WebViewLoadDataWithBaseUrl-UnauthorizedFileAccess-Lean/Secure/WebViewLoadDataWithBaseUrl-UnauthorizedFileAccess-Lean-secure.apk	38872d2a095db2d461bacac29841b50deb4e9691a9b6a10d0670734e70a3a27c
Web/WebViewOverrideUrl-MITM-Lean/Benign/WebViewOverrideUrl-MITM-Lean-benign.apk	d72e53a60074c6182dfa5523f0836526c6cbb60a32b0c657e2fa7f8df919e586
Web/WebViewOverrideUrl-MITM-Lean/Secure/WebViewOverrideUrl-MITM-Lean-secure.apk	7fed5501c957260adfd203fdcb6bd0a27d227d46728631d3bbda7dc7e346f2bf
Web/WebViewProceed-UnauthorizedAccess-Lean/Benign/WebViewProceed-UnauthorizedAccess-Lean-benign.apk	f23af74fa0d296120fc16ecb566c6d2553474fe51ca5d615a0e528df1afe60d7
Web/WebViewProceed-UnauthorizedAccess-Lean/Secure/WebViewProceed-UnauthorizedAccess-Lean-secure.apk	f4151b100f8d5050707ca9dfd04417569dc4a5d730d2a63bf4bda993f599db4a
